1,1,"Rotten Tomatoes"
2,2,"IMDb"
3,3,"Film Critic"
4,4,"Rotten Tomatoes"
5,5,"IMDb"
6,6,"Film Critic"
7,7,"Rotten Tomatoes"
8,8,"IMDb"
9,9,"Film Critic"
10,10,"Rotten Tomatoes"
11,11,"IMDb"
12,12,"Film Critic"
13,13,"Rotten Tomatoes"
14,14,"IMDb"
15,15,"Film Critic"
16,16,"Rotten Tomatoes"
17,17,"IMDb"
18,18,"Film Critic"
19,19,"Rotten Tomatoes"
20,20,"IMDb"
21,21,"Film Critic"
22,22,"Rotten Tomatoes"
23,23,"IMDb"
24,24,"Film Critic"
25,25,"Rotten Tomatoes"
26,26,"IMDb"
27,27,"Film Critic"
28,28,"Rotten Tomatoes"
29,29,"IMDb"
30,30,"Film Critic"
31,31,"Rotten Tomatoes"
32,32,"IMDb"
33,33,"Film Critic"
34,34,"Rotten Tomatoes"
35,35,"IMDb"
36,36,"Film Critic"
37,37,"Rotten Tomatoes"
38,38,"IMDb"
39,39,"Film Critic"
40,40,"Rotten Tomatoes"
41,41,"IMDb"
42,42,"Film Critic"
43,43,"Rotten Tomatoes"
44,44,"IMDb"
45,45,"Film Critic"
46,46,"Rotten Tomatoes"
47,47,"IMDb"
48,48,"Film Critic"
49,49,"Rotten Tomatoes"
50,50,"IMDb"
