1,1,"Jaws"
2,2,"Memento"
3,3,"Taxi Driver"
4,4,"Reservoir Dogs"
5,1,"The Matrix"
6,2,"E.T. the Extra-Terrestrial"
7,3,"Inception"
8,4,"Goodfellas"
9,1,"Pulp Fiction"
10,2,"The Dark Knight"
11,3,"Schindler's List"
12,4,"The Grand Budapest Hotel"
13,1,"Blade Runner"
14,2,"The Departed"
15,3,"The Godfather"
16,4,"Spirited Away"
17,1,"Parasite"
18,2,"A Clockwork Orange"
19,3,"Citizen Kane"
20,4,"2001: A Space Odyssey"
21,1,"Dunkirk"
22,2,"Schindler's List"
23,3,"The Shawshank Redemption"
24,4,"Pulp Fiction"
25,1,"The Dark Knight"
26,2,"The Green Mile"
27,3,"The Godfather"
28,4,"The Dark Knight"
29,1,"Fight Club"
30,2,"Inception"
31,3,"Forrest Gump"
32,4,"Pulp Fiction"
33,1,"The Shining"
34,2,"The Departed"
35,3,"Goodfellas"
36,4,"Lord of the Rings: The Return of the King"
37,1,"The Silence of the Lambs"
38,2,"Casablanca"
39,3,"Seven Samurai"
40,4,"The Dark Knight"
41,1,"The Lion King"
42,2,"Fight Club"
43,3,"The Shawshank Redemption"
44,4,"The Godfather"
45,1,"The Lord of the Rings: The Fellowship of the Ring"
46,2,"Saving Private Ryan"
47,3,"City of God"
48,4,"The Usual Suspects"
49,1,"The Matrix"
50,2,"The Godfather"
51,3,"Pulp Fiction"
52,4,"The Dark Knight"
53,1,"12 Angry Men"
54,2,"The Green Mile"
55,3,"Inception"
56,4,"The Lord of the Rings: The Two Towers"
57,1,"Inglourious Basterds"
58,2,"The Godfather: Part II"
59,3,"The Shawshank Redemption"
60,4,"The Dark Knight"
