1,Tom,Hanks,American,Concord
2,Meryl,Streep,American,Summit
3,Leonardo,Dicaprio,American,Los Angeles
4,Brad,Pitt,American,Shawnee
5,Scarlett,Johansson,American,New York City
6,John,Travolta,American,Los Angeles
7,Samuel,L. Jackson,American,York City
8,Uma,Thurman,American,London
9,Harvey,Keitel,American,Santa Fe
10,Tim,Roth,American,London
11,Amanda,Plummer,American,Paris
12,Maria,de Medeiros,American,Paris
13,Ving,Rhames,American,Sheffield
14,Eric,Stoltz,American,Scunthorpe
15,Rosanna,Arquette,American,Edinburgh
16,Christopher,Walken,American,Glasgow
17,Bruce,Willis,American,Barnsley
18,Mike,Smith,American,Sheffield