1,Steven,Spielberg,American,Cincinnati
2,Christopher,Nolan,British,London
3,Martin,Scorsese,American,Queens
4,Quentin,Tarantino,American,Knoxville
5,James,Cameron,Canadian,Kapuskasing
6,Hayao,Miyazaki,Japanese,Bunkyō
7,Bong,Joon-ho,South Korean,Daegu
8,Alfonso,Cuarón,Mexican,Mexico City
9,Alejandro,González Iñárritu,Mexican,Mexico City
10,Yorgos,Lanthimos,Greek,Athens
11,Pedro,Almodóvar,Spanish,Calzada de Calatrava
12,Luc,Besson,French,Paris
13,Wong,Kar-wai,Hong Konger,Shanghai
14,Ang,Lee,Taiwanese,Chaozhou
15,Andrei,Tarkovsky,Russian,Zavrazhye
16,Federico,Fellini,Italian,Rimini
17,Pedro,Almodóvar,Spanish,Calzada de Calatrava
18,Werner,Herzog,German,Munich
19,Spike,Lee,American,Atlanta
20,Krzysztof,Kieślowski,Polish,Warsaw
21,Ingmar,Bergman,Swedish,Uppsala
22,Denis,Villeneuve,Canadian,Trois-Rivières
23,Stanley,Kubrick,American,Manhattan
24,David,Lynch,American,Missoula
25,Ridley,Scott,British,South Shields
26,Quentin,Tarantino,American,Knoxville
27,Francis,Ford Coppola,American,Detroit
28,Akira,Kurosawa,Japanese,Shinagawa
29,Sergio,Leone,Italian,Rome
30,David,Cronenberg,Canadian,Toronto
31,Lana,Wachowski,British,Chicago
32,Wes,Anderson,British,London
33,Frank,Darabont,British,London
34,Francis,Ford Coppola,British,London
35,Orson,Welles,British,London
36,David,Fincher,British,London
37,Robert,Zemeckis,British,London